m	k	n	total_flops	testsuite	test_name	test_start_timestamp	test_end_timestamp	tflops_per_sec_p50	tflops_per_sec_p90	tflops_per_sec_p95	tflops_per_sec_p99	tflops_per_sec_avg
1024	1024	1024	2147483648	microbenchmark	collective_matmul_two_directions	2026-06-04T18:02:29.329260+00:00Z	2026-06-04T18:02:29.581848+00:00Z	8.990177234289726	8.990177234289726	8.990177234289726	8.990177234289726	8.990177234289726
2048	2048	2048	17179869184	microbenchmark	collective_matmul_two_directions	2026-06-04T18:02:29.582536+00:00Z	2026-06-04T18:02:30.651746+00:00Z	59.689629707294195	59.689629707294195	59.689629707294195	59.689629707294195	59.689629707294195
3072	3072	3072	57982058496	microbenchmark	collective_matmul_two_directions	2026-06-04T18:02:30.652455+00:00Z	2026-06-04T18:02:32.799247+00:00Z	143.2929483851601	143.2929483851601	143.2929483851601	143.2929483851601	143.2929483851601
4096	4096	4096	137438953472	microbenchmark	collective_matmul_two_directions	2026-06-04T18:02:32.799962+00:00Z	2026-06-04T18:02:35.332872+00:00Z	237.54118395833348	237.54118395833348	237.54118395833348	237.54118395833348	237.54118395833348
5120	5120	5120	268435456000	microbenchmark	collective_matmul_two_directions	2026-06-04T18:02:35.333558+00:00Z	2026-06-04T18:02:37.949498+00:00Z	319.1636442410402	319.1636442410402	319.1636442410402	319.1636442410402	319.1636442410402
6144	6144	6144	463856467968	microbenchmark	collective_matmul_two_directions	2026-06-04T18:02:37.950220+00:00Z	2026-06-04T18:02:40.967176+00:00Z	368.7311948316155	368.7311948316155	368.7311948316155	368.7311948316155	368.7311948316155
7168	7168	7168	736586891264	microbenchmark	collective_matmul_two_directions	2026-06-04T18:02:40.967884+00:00Z	2026-06-04T18:02:43.625024+00:00Z	458.81257876806035	458.81257876806035	458.81257876806035	458.81257876806035	458.81257876806035
8192	8192	8192	1099511627776	microbenchmark	collective_matmul_two_directions	2026-06-04T18:02:43.625900+00:00Z	2026-06-04T18:02:45.430588+00:00Z	454.11865229143956	454.11865229143956	454.11865229143956	454.11865229143956	454.11865229143956
9216	9216	9216	1565515579392	microbenchmark	collective_matmul_two_directions	2026-06-04T18:02:45.431298+00:00Z	2026-06-04T18:02:48.560320+00:00Z	440.89355610678024	440.89355610678024	440.89355610678024	440.89355610678024	440.89355610678024
10240	10240	10240	2147483648000	microbenchmark	collective_matmul_two_directions	2026-06-04T18:02:48.561053+00:00Z	2026-06-04T18:02:51.654894+00:00Z	467.31473546609874	467.31473546609874	467.31473546609874	467.31473546609874	467.31473546609874
11264	11264	11264	2858300735488	microbenchmark	collective_matmul_two_directions	2026-06-04T18:02:51.655612+00:00Z	2026-06-04T18:02:54.960373+00:00Z	498.5499852603865	498.5499852603865	498.5499852603865	498.5499852603865	498.5499852603865
12288	12288	12288	3710851743744	microbenchmark	collective_matmul_two_directions	2026-06-04T18:02:54.961125+00:00Z	2026-06-04T18:02:58.009908+00:00Z	552.3458660477579	552.3458660477579	552.3458660477579	552.3458660477579	552.3458660477579
13312	13312	13312	4718021574656	microbenchmark	collective_matmul_two_directions	2026-06-04T18:02:58.010795+00:00Z	2026-06-04T18:03:00.767996+00:00Z	555.5654231086012	555.5654231086012	555.5654231086012	555.5654231086012	555.5654231086012
14336	14336	14336	5892695130112	microbenchmark	collective_matmul_two_directions	2026-06-04T18:03:00.768882+00:00Z	2026-06-04T18:03:02.639943+00:00Z	545.3367483534387	545.3367483534387	545.3367483534387	545.3367483534387	545.3367483534387
15360	15360	15360	7247757312000	microbenchmark	collective_matmul_two_directions	2026-06-04T18:03:02.640828+00:00Z	2026-06-04T18:03:04.681599+00:00Z	550.3417702721935	550.3417702721935	550.3417702721935	550.3417702721935	550.3417702721935
16384	16384	16384	8796093022208	microbenchmark	collective_matmul_two_directions	2026-06-04T18:03:04.682341+00:00Z	2026-06-04T18:03:06.503012+00:00Z	615.7027331346419	615.7027331346419	615.7027331346419	615.7027331346419	615.7027331346419
17408	17408	17408	10550587162624	microbenchmark	collective_matmul_two_directions	2026-06-04T18:03:06.503756+00:00Z	2026-06-04T18:03:08.678937+00:00Z	571.0262553086087	571.0262553086087	571.0262553086087	571.0262553086087	571.0262553086087
18432	18432	18432	12524124635136	microbenchmark	collective_matmul_two_directions	2026-06-04T18:03:08.679677+00:00Z	2026-06-04T18:03:10.784491+00:00Z	609.3291843219257	609.3291843219257	609.3291843219257	609.3291843219257	609.3291843219257
19456	19456	19456	14729590341632	microbenchmark	collective_matmul_two_directions	2026-06-04T18:03:10.785257+00:00Z	2026-06-04T18:03:13.033079+00:00Z	591.043651712791	591.043651712791	591.043651712791	591.043651712791	591.043651712791
20480	20480	20480	17179869184000	microbenchmark	collective_matmul_two_directions	2026-06-04T18:03:13.033847+00:00Z	2026-06-04T18:03:15.399598+00:00Z	573.4373449917641	573.4373449917641	573.4373449917641	573.4373449917641	573.4373449917641
21504	21504	21504	19887846064128	microbenchmark	collective_matmul_two_directions	2026-06-04T18:03:15.400356+00:00Z	2026-06-04T18:03:17.747634+00:00Z	613.6822284123435	613.6822284123435	613.6822284123435	613.6822284123435	613.6822284123435
22528	22528	22528	22866405883904	microbenchmark	collective_matmul_two_directions	2026-06-04T18:03:17.748393+00:00Z	2026-06-04T18:03:20.262007+00:00Z	581.9512271252636	581.9512271252636	581.9512271252636	581.9512271252636	581.9512271252636
23552	23552	23552	26128433545216	microbenchmark	collective_matmul_two_directions	2026-06-04T18:03:20.262748+00:00Z	2026-06-04T18:03:22.974982+00:00Z	591.7512705878921	591.7512705878921	591.7512705878921	591.7512705878921	591.7512705878921
24576	24576	24576	29686813949952	microbenchmark	collective_matmul_two_directions	2026-06-04T18:03:22.975883+00:00Z	2026-06-04T18:03:25.586683+00:00Z	657.6243679818666	657.6243679818666	657.6243679818666	657.6243679818666	657.6243679818666
25600	25600	25600	33554432000000	microbenchmark	collective_matmul_two_directions	2026-06-04T18:03:25.587434+00:00Z	2026-06-04T18:03:28.492884+00:00Z	606.3804921457951	606.3804921457951	606.3804921457951	606.3804921457951	606.3804921457951
26624	26624	26624	37744172597248	microbenchmark	collective_matmul_two_directions	2026-06-04T18:03:28.493620+00:00Z	2026-06-04T18:03:31.505479+00:00Z	616.9355117049942	616.9355117049942	616.9355117049942	616.9355117049942	616.9355117049942
27648	27648	27648	42268920643584	microbenchmark	collective_matmul_two_directions	2026-06-04T18:03:31.506251+00:00Z	2026-06-04T18:03:34.442559+00:00Z	632.7793277776094	632.7793277776094	632.7793277776094	632.7793277776094	632.7793277776094
28672	28672	28672	47141561040896	microbenchmark	collective_matmul_two_directions	2026-06-04T18:03:34.443351+00:00Z	2026-06-04T18:03:37.487852+00:00Z	635.6549983673392	635.6549983673392	635.6549983673392	635.6549983673392	635.6549983673392
29696	29696	29696	52374978691072	microbenchmark	collective_matmul_two_directions	2026-06-04T18:03:37.488599+00:00Z	2026-06-04T18:03:40.891170+00:00Z	609.4901275320336	609.4901275320336	609.4901275320336	609.4901275320336	609.4901275320336
